--
-- PostgreSQL database dump
--

-- Dumped from database version 14.5
-- Dumped by pg_dump version 14.5

-- Started on 2022-12-14 12:16:37

SET statement_timeout = 0;
SET lock_timeout = 0;
SET idle_in_transaction_session_timeout = 0;
SET client_encoding = 'UTF8';
SET standard_conforming_strings = on;
SELECT pg_catalog.set_config('search_path', '', false);
SET check_function_bodies = false;
SET xmloption = content;
SET client_min_messages = warning;
SET row_security = off;

--
-- TOC entry 2 (class 3079 OID 16384)
-- Name: adminpack; Type: EXTENSION; Schema: -; Owner: -
--

CREATE EXTENSION IF NOT EXISTS adminpack WITH SCHEMA pg_catalog;


--
-- TOC entry 3050 (class 0 OID 0)
-- Dependencies: 2
-- Name: EXTENSION adminpack; Type: COMMENT; Schema: -; Owner: 
--

COMMENT ON EXTENSION adminpack IS 'administrative functions for PostgreSQL';


SET default_tablespace = '';

SET default_table_access_method = heap;

--
-- TOC entry 217 (class 1259 OID 33032)
-- Name: category; Type: TABLE; Schema: public; Owner: postgres
--

CREATE TABLE public.category (
    id integer NOT NULL,
    name character varying(255)
);


ALTER TABLE public.category OWNER TO postgres;

--
-- TOC entry 216 (class 1259 OID 33031)
-- Name: category_id_seq; Type: SEQUENCE; Schema: public; Owner: postgres
--

ALTER TABLE public.category ALTER COLUMN id ADD GENERATED BY DEFAULT AS IDENTITY (
    SEQUENCE NAME public.category_id_seq
    START WITH 1
    INCREMENT BY 1
    NO MINVALUE
    NO MAXVALUE
    CACHE 1
);


--
-- TOC entry 215 (class 1259 OID 16636)
-- Name: image; Type: TABLE; Schema: public; Owner: postgres
--

CREATE TABLE public.image (
    id integer NOT NULL,
    file_name character varying(255),
    product_id integer NOT NULL
);


ALTER TABLE public.image OWNER TO postgres;

--
-- TOC entry 214 (class 1259 OID 16635)
-- Name: image_id_seq; Type: SEQUENCE; Schema: public; Owner: postgres
--

ALTER TABLE public.image ALTER COLUMN id ADD GENERATED BY DEFAULT AS IDENTITY (
    SEQUENCE NAME public.image_id_seq
    START WITH 1
    INCREMENT BY 1
    NO MINVALUE
    NO MAXVALUE
    CACHE 1
);


--
-- TOC entry 223 (class 1259 OID 41256)
-- Name: order_shapki; Type: TABLE; Schema: public; Owner: postgres
--

CREATE TABLE public.order_shapki (
    id integer NOT NULL,
    count integer NOT NULL,
    date_time timestamp without time zone,
    number character varying(255),
    price_total real,
    person_id integer NOT NULL,
    status_order_id integer NOT NULL,
    order_number character varying(255)
);


ALTER TABLE public.order_shapki OWNER TO postgres;

--
-- TOC entry 222 (class 1259 OID 41255)
-- Name: order_shapki_id_seq; Type: SEQUENCE; Schema: public; Owner: postgres
--

ALTER TABLE public.order_shapki ALTER COLUMN id ADD GENERATED BY DEFAULT AS IDENTITY (
    SEQUENCE NAME public.order_shapki_id_seq
    START WITH 1
    INCREMENT BY 1
    NO MINVALUE
    NO MAXVALUE
    CACHE 1
);


--
-- TOC entry 225 (class 1259 OID 41262)
-- Name: order_stroki; Type: TABLE; Schema: public; Owner: postgres
--

CREATE TABLE public.order_stroki (
    id integer NOT NULL,
    count integer NOT NULL,
    price real NOT NULL,
    order_shapki_id integer NOT NULL,
    product_id integer NOT NULL
);


ALTER TABLE public.order_stroki OWNER TO postgres;

--
-- TOC entry 224 (class 1259 OID 41261)
-- Name: order_stroki_id_seq; Type: SEQUENCE; Schema: public; Owner: postgres
--

ALTER TABLE public.order_stroki ALTER COLUMN id ADD GENERATED BY DEFAULT AS IDENTITY (
    SEQUENCE NAME public.order_stroki_id_seq
    START WITH 1
    INCREMENT BY 1
    NO MINVALUE
    NO MAXVALUE
    CACHE 1
);


--
-- TOC entry 211 (class 1259 OID 16622)
-- Name: person; Type: TABLE; Schema: public; Owner: postgres
--

CREATE TABLE public.person (
    id integer NOT NULL,
    login character varying(100),
    password character varying(100),
    role character varying(255)
);


ALTER TABLE public.person OWNER TO postgres;

--
-- TOC entry 210 (class 1259 OID 16621)
-- Name: person_id_seq; Type: SEQUENCE; Schema: public; Owner: postgres
--

ALTER TABLE public.person ALTER COLUMN id ADD GENERATED BY DEFAULT AS IDENTITY (
    SEQUENCE NAME public.person_id_seq
    START WITH 1
    INCREMENT BY 1
    NO MINVALUE
    NO MAXVALUE
    CACHE 1
);


--
-- TOC entry 213 (class 1259 OID 16628)
-- Name: product; Type: TABLE; Schema: public; Owner: postgres
--

CREATE TABLE public.product (
    id integer NOT NULL,
    city character varying(255),
    description text,
    price real NOT NULL,
    seller character varying(255),
    title character varying(255),
    sklad character varying(255),
    warehouse character varying(255),
    date_time timestamp without time zone,
    category_id integer NOT NULL
);


ALTER TABLE public.product OWNER TO postgres;

--
-- TOC entry 219 (class 1259 OID 33044)
-- Name: product_cart; Type: TABLE; Schema: public; Owner: postgres
--

CREATE TABLE public.product_cart (
    id integer NOT NULL,
    person_id integer,
    product_id integer
);


ALTER TABLE public.product_cart OWNER TO postgres;

--
-- TOC entry 218 (class 1259 OID 33043)
-- Name: product_cart_id_seq; Type: SEQUENCE; Schema: public; Owner: postgres
--

ALTER TABLE public.product_cart ALTER COLUMN id ADD GENERATED BY DEFAULT AS IDENTITY (
    SEQUENCE NAME public.product_cart_id_seq
    START WITH 1
    INCREMENT BY 1
    NO MINVALUE
    NO MAXVALUE
    CACHE 1
);


--
-- TOC entry 212 (class 1259 OID 16627)
-- Name: product_id_seq; Type: SEQUENCE; Schema: public; Owner: postgres
--

ALTER TABLE public.product ALTER COLUMN id ADD GENERATED BY DEFAULT AS IDENTITY (
    SEQUENCE NAME public.product_id_seq
    START WITH 1
    INCREMENT BY 1
    NO MINVALUE
    NO MAXVALUE
    CACHE 1
);


--
-- TOC entry 227 (class 1259 OID 41290)
-- Name: roles_person; Type: TABLE; Schema: public; Owner: postgres
--

CREATE TABLE public.roles_person (
    id integer NOT NULL,
    name character varying(255)
);


ALTER TABLE public.roles_person OWNER TO postgres;

--
-- TOC entry 226 (class 1259 OID 41289)
-- Name: roles_id_seq; Type: SEQUENCE; Schema: public; Owner: postgres
--

ALTER TABLE public.roles_person ALTER COLUMN id ADD GENERATED BY DEFAULT AS IDENTITY (
    SEQUENCE NAME public.roles_id_seq
    START WITH 1
    INCREMENT BY 1
    NO MINVALUE
    NO MAXVALUE
    CACHE 1
);


--
-- TOC entry 221 (class 1259 OID 41239)
-- Name: statuses; Type: TABLE; Schema: public; Owner: postgres
--

CREATE TABLE public.statuses (
    id integer NOT NULL,
    name character varying(255)
);


ALTER TABLE public.statuses OWNER TO postgres;

--
-- TOC entry 220 (class 1259 OID 41238)
-- Name: statuses_id_seq; Type: SEQUENCE; Schema: public; Owner: postgres
--

ALTER TABLE public.statuses ALTER COLUMN id ADD GENERATED BY DEFAULT AS IDENTITY (
    SEQUENCE NAME public.statuses_id_seq
    START WITH 1
    INCREMENT BY 1
    NO MINVALUE
    NO MAXVALUE
    CACHE 1
);


--
-- TOC entry 3034 (class 0 OID 33032)
-- Dependencies: 217
-- Data for Name: category; Type: TABLE DATA; Schema: public; Owner: postgres
--

INSERT INTO public.category (id, name) VALUES (1, 'Мебель');
INSERT INTO public.category (id, name) VALUES (2, 'Бытовая техника');
INSERT INTO public.category (id, name) VALUES (3, 'Одежда');
INSERT INTO public.category (id, name) VALUES (4, 'Процессоры');
INSERT INTO public.category (id, name) VALUES (5, 'Видео карты');
INSERT INTO public.category (id, name) VALUES (6, 'Материнские платы');
INSERT INTO public.category (id, name) VALUES (7, 'Модули памяти');


--
-- TOC entry 3032 (class 0 OID 16636)
-- Dependencies: 215
-- Data for Name: image; Type: TABLE DATA; Schema: public; Owner: postgres
--

INSERT INTO public.image (id, file_name, product_id) VALUES (99, 'd117ffac-2439-4fd7-8bd0-ca3792b7d4ad__1 Intel Xeon W-3235.jpg', 22);
INSERT INTO public.image (id, file_name, product_id) VALUES (100, 'e0bd0233-c947-434f-827c-ceaec37c8242__2 Intel Xeon W-3235.jpg', 22);
INSERT INTO public.image (id, file_name, product_id) VALUES (101, 'fa530ccf-6143-4bd5-a799-354f01536c48__3 Intel Xeon W-3235.jpg', 22);
INSERT INTO public.image (id, file_name, product_id) VALUES (102, '144bd95f-ce28-4654-82f7-14159679706d__4 Intel Xeon W-3235.jpg', 22);
INSERT INTO public.image (id, file_name, product_id) VALUES (103, 'fc3f53c6-271a-4015-91d1-c0657470a95a__5 Intel Xeon W-3235.jpg', 22);
INSERT INTO public.image (id, file_name, product_id) VALUES (109, '0e8dc078-12f7-41b5-9d29-9985304142e1__1 Intel Xeon W-3245.jpg', 24);
INSERT INTO public.image (id, file_name, product_id) VALUES (110, '1d9bfde1-1ae7-4c2c-bac5-02484e85afe9__2 Intel Xeon W-3245.jpg', 24);
INSERT INTO public.image (id, file_name, product_id) VALUES (111, '0a066e33-a4a9-466d-b374-796f0955fe00__3 Intel Xeon W-3245.jpg', 24);
INSERT INTO public.image (id, file_name, product_id) VALUES (112, '92cc9a63-d9d5-4cac-bd81-cac9d9445937__4 Intel Xeon W-3245.jpg', 24);
INSERT INTO public.image (id, file_name, product_id) VALUES (113, '4d1b2fff-7336-410a-96ae-00e40a58ea05__5 Intel Xeon W-3245.jpg', 24);
INSERT INTO public.image (id, file_name, product_id) VALUES (114, '72667778-5d4f-48c8-9c33-adc4e82875ab__1 Intel Xeon W-3335.jpg', 25);
INSERT INTO public.image (id, file_name, product_id) VALUES (115, '10ed45f2-f44d-4e48-942a-f2c469cbd071__2 Intel Xeon W-3335.jpg', 25);
INSERT INTO public.image (id, file_name, product_id) VALUES (116, '822c95c2-7d98-457b-a700-6d7bf7c6b1c0__3 Intel Xeon W-3335.jpg', 25);
INSERT INTO public.image (id, file_name, product_id) VALUES (117, 'e0255744-30c3-465b-b98c-45c69087f1fa__4 Intel Xeon W-3335.jpg', 25);
INSERT INTO public.image (id, file_name, product_id) VALUES (118, '8d94f3fa-b7a7-4dce-bb94-8b15a0d6d813__5 Intel Xeon W-3335.jpg', 25);
INSERT INTO public.image (id, file_name, product_id) VALUES (119, '14a52177-ed6a-483f-b403-eb7d2fd2176d__1 Intel Xeon W-3345.jpg', 26);
INSERT INTO public.image (id, file_name, product_id) VALUES (120, '7ff1db09-29d9-4a8f-8be2-1b5ba92a517a__2 Intel Xeon W-3345.jpg', 26);
INSERT INTO public.image (id, file_name, product_id) VALUES (121, 'c53908b8-f605-44eb-bb3a-578b6a670904__3 Intel Xeon W-3345.jpg', 26);
INSERT INTO public.image (id, file_name, product_id) VALUES (122, 'bbe4821b-9479-411d-8366-28478cbe65b6__4 Intel Xeon W-3345.jpg', 26);
INSERT INTO public.image (id, file_name, product_id) VALUES (123, 'f4d1f36a-1464-41fb-8b0c-9ac08a736285__5 Intel Xeon W-3345.jpg', 26);
INSERT INTO public.image (id, file_name, product_id) VALUES (124, '43215069-96f5-45d7-9a2f-881dfe6fc836__1 Supermicro X12SPA-TF C621A LGA4189.jpg', 27);
INSERT INTO public.image (id, file_name, product_id) VALUES (125, 'c54fd2b6-b056-4094-b36e-30532f04f622__2 Supermicro X12SPA-TF C621A LGA4189.jpg', 27);
INSERT INTO public.image (id, file_name, product_id) VALUES (126, 'e4f52f69-a260-4dbd-a90d-32b21324a10a__3 Supermicro X12SPA-TF C621A LGA4189.jpg', 27);
INSERT INTO public.image (id, file_name, product_id) VALUES (127, 'f7175313-6b5b-4a62-badd-087753fe01eb__4 Supermicro X12SPA-TF C621A LGA4189.jpg', 27);
INSERT INTO public.image (id, file_name, product_id) VALUES (128, '7fdcf50c-8f2e-4bc1-9150-5fb78235e5b9__5 Supermicro X12SPA-TF C621A LGA4189.jpg', 27);
INSERT INTO public.image (id, file_name, product_id) VALUES (129, 'c25ffcbb-ff07-404c-abd9-be123199fa24__1 Supermicro X11SPA-T C621A LGA3647.jpg', 28);
INSERT INTO public.image (id, file_name, product_id) VALUES (76, 'd115c77d-6008-4c4e-80c3-8e78efb6185b__20a9d727f22189bd69f76099aff5f861eaa25f146204e49701c01462223d58cc.jpg.jpg', 18);
INSERT INTO public.image (id, file_name, product_id) VALUES (77, '99b514f2-665a-4b10-97b2-fe4bc42ed693__20a9d727f22189bd69f76099aff5f861eaa25f146204e49701c01462223d58cc.jpg.jpg', 18);
INSERT INTO public.image (id, file_name, product_id) VALUES (78, '36f8f118-e378-4974-b9f6-110993dcabfb__20a9d727f22189bd69f76099aff5f861eaa25f146204e49701c01462223d58cc.jpg.jpg', 18);
INSERT INTO public.image (id, file_name, product_id) VALUES (79, '047e7246-3f34-40d3-8704-88d3bc312db7__20a9d727f22189bd69f76099aff5f861eaa25f146204e49701c01462223d58cc.jpg.jpg', 18);
INSERT INTO public.image (id, file_name, product_id) VALUES (80, '8e70990a-c71a-4ec0-92fd-6afaf9a13272__20a9d727f22189bd69f76099aff5f861eaa25f146204e49701c01462223d58cc.jpg.jpg', 18);
INSERT INTO public.image (id, file_name, product_id) VALUES (130, 'cb44b0d5-5500-49f9-a509-8539b409bd19__2 Supermicro X11SPA-T C621A LGA3647.jpg', 28);
INSERT INTO public.image (id, file_name, product_id) VALUES (131, '8af28d02-2a92-4d67-b2d9-bb789dcaa487__3 Supermicro X11SPA-T C621A LGA3647.jpg', 28);
INSERT INTO public.image (id, file_name, product_id) VALUES (132, '5faf198f-b376-42d1-b565-51762ef670bf__4 Supermicro X11SPA-T C621A LGA3647.jpg', 28);
INSERT INTO public.image (id, file_name, product_id) VALUES (133, '29c813d8-abc1-412b-9eff-a5d95ba49efe__5 Supermicro X11SPA-T C621A LGA3647.jpg', 28);
INSERT INTO public.image (id, file_name, product_id) VALUES (134, '71651e9e-8177-4a60-a293-53c9519bab4f__1 NVIDIA RTX A6000 49.jpg', 29);
INSERT INTO public.image (id, file_name, product_id) VALUES (135, '922ee80b-673a-4a26-ab5f-5a82410fb78c__2 NVIDIA RTX A6000 49.jpg', 29);
INSERT INTO public.image (id, file_name, product_id) VALUES (136, 'c59b1419-8627-4ac3-b7fa-2391173239b5__3 NVIDIA RTX A6000 49.jpg', 29);
INSERT INTO public.image (id, file_name, product_id) VALUES (137, '272d332d-2a60-4273-81b3-55151aa9b14f__4 NVIDIA RTX A6000 49.jpg', 29);
INSERT INTO public.image (id, file_name, product_id) VALUES (138, '1c06f75d-b2d3-4c64-a9e3-8e79c59a2348__5 NVIDIA RTX A6000 49.jpg', 29);
INSERT INTO public.image (id, file_name, product_id) VALUES (144, '8d64138c-2e3f-4ab8-aadc-921ce1b7626e__1 NVIDIA RTX A5000 24G.jpg', 31);
INSERT INTO public.image (id, file_name, product_id) VALUES (145, '51f5b0f6-865c-4a5e-9990-06aa243c627d__2 NVIDIA RTX A5000 24G.jpg', 31);
INSERT INTO public.image (id, file_name, product_id) VALUES (146, '0af4266c-c6a5-461b-a33f-20ab0d71208b__3 NVIDIA RTX A5000 24G.jpg', 31);
INSERT INTO public.image (id, file_name, product_id) VALUES (147, '036d272e-ae3c-4c3e-96fb-261dd11e49f3__4 NVIDIA RTX A5000 24G.jpg', 31);
INSERT INTO public.image (id, file_name, product_id) VALUES (148, '9603bd6b-afbb-41f5-ac68-cab7e642136b__5 NVIDIA RTX A5000 24G.jpg', 31);
INSERT INTO public.image (id, file_name, product_id) VALUES (149, 'ff2607e9-d423-474b-ba55-15f61e2cacce__1 NVIDIA RTX A4000 16G.jpg', 32);
INSERT INTO public.image (id, file_name, product_id) VALUES (150, 'cca3db4c-07bb-4613-862c-a1bb8bd2354a__2 NVIDIA RTX A4000 16G.jpg', 32);
INSERT INTO public.image (id, file_name, product_id) VALUES (151, '4694e32e-9d6b-434f-b060-e42e36e469f7__3 NVIDIA RTX A4000 16G.jpg', 32);
INSERT INTO public.image (id, file_name, product_id) VALUES (152, '652bf508-2a59-4823-92c1-b916b1bbeba1__4 NVIDIA RTX A4000 16G.jpg', 32);
INSERT INTO public.image (id, file_name, product_id) VALUES (153, '5ebbd3ad-06e5-473c-bc90-ebd03129eb96__5 NVIDIA RTX A4000 16G.jpg', 32);
INSERT INTO public.image (id, file_name, product_id) VALUES (154, '48e2e305-cb1e-4615-9b43-f911fcea0706__1 AMD Radeon Pro W6800 32G.jpg', 33);
INSERT INTO public.image (id, file_name, product_id) VALUES (155, '2ef7f38f-7996-45ae-85b6-4c8c6df85ff2__2 AMD Radeon Pro W6800 32G.jpg', 33);
INSERT INTO public.image (id, file_name, product_id) VALUES (156, 'c8e06dc8-9f5c-4b8f-98ba-1801ca41a0c7__3 AMD Radeon Pro W6800 32G.jpg', 33);
INSERT INTO public.image (id, file_name, product_id) VALUES (157, '66e69eaa-fe6f-4069-a381-8c771afb81f8__4 AMD Radeon Pro W6800 32G.jpg', 33);
INSERT INTO public.image (id, file_name, product_id) VALUES (158, 'cf7385b5-687f-45ac-8bcf-5986e4f57fad__5 AMD Radeon Pro W6800 32G.jpg', 33);
INSERT INTO public.image (id, file_name, product_id) VALUES (159, '76f572ed-462a-40e9-b187-3add3812cf41__1 AMD Radeon Pro W6600 8G.jpg', 34);
INSERT INTO public.image (id, file_name, product_id) VALUES (160, '5f8f0bf8-db75-42f6-8152-e031e27a00a5__2 AMD Radeon Pro W6600 8G.jpg', 34);
INSERT INTO public.image (id, file_name, product_id) VALUES (161, 'ce5c5228-6c74-4582-8311-b205e854ad56__3 AMD Radeon Pro W6600 8G.jpg', 34);
INSERT INTO public.image (id, file_name, product_id) VALUES (162, '77df7db3-40ba-4668-8966-b2d1829b861d__4 AMD Radeon Pro W6600 8G.jpg', 34);
INSERT INTO public.image (id, file_name, product_id) VALUES (163, 'bcb6ae3c-cb54-4c11-bf31-3dfcaf2cbd8d__5 AMD Radeon Pro W6600 8G.jpg', 34);
INSERT INTO public.image (id, file_name, product_id) VALUES (166, 'f52fb3f7-5f39-46a7-94b8-57393cdf489c__1 servernaya_operati 64Gb.jpg', 37);
INSERT INTO public.image (id, file_name, product_id) VALUES (167, 'f76ebf2c-e90c-4adb-9b58-eec17511a463__2 servernaya_operati 64Gb.jpg', 37);
INSERT INTO public.image (id, file_name, product_id) VALUES (168, '2abb02c9-7499-4bd6-8103-763fa180b864__3 servernaya_operati размеры.jpg', 37);
INSERT INTO public.image (id, file_name, product_id) VALUES (169, '53b65935-d94a-44fe-8d44-4e3ccb7f9240__1 servernaya_operati 32Gb.jpg', 38);
INSERT INTO public.image (id, file_name, product_id) VALUES (170, 'bc044afc-7766-4431-b5c1-c05ca498ac6b__2 servernaya_operati 32Gb.jpg', 38);
INSERT INTO public.image (id, file_name, product_id) VALUES (171, 'd112f4ba-fb3e-4b73-83c8-0678e7c70e94__3 servernaya_operati размеры.jpg', 38);
INSERT INTO public.image (id, file_name, product_id) VALUES (172, '25da2872-7cfb-484a-932b-c4764bfb70a5__1 servernaya_operati 16Gb.jpg', 39);
INSERT INTO public.image (id, file_name, product_id) VALUES (173, '1a4a5453-157d-4eb7-88a5-83b524e4f796__2 servernaya_operati 16Gb.jpg', 39);
INSERT INTO public.image (id, file_name, product_id) VALUES (174, '94daa428-ba4a-464e-908c-d2a81ad75a40__3 servernaya_operati размеры.jpg', 39);
INSERT INTO public.image (id, file_name, product_id) VALUES (175, 'd0aa9937-3fce-4d00-bdde-3135b325ab6c__1 servernaya_operati 64Gb.jpg', 40);
INSERT INTO public.image (id, file_name, product_id) VALUES (176, 'bd30d308-1e0d-4c3e-9835-85fbb41543bf__2 servernaya_operati 64Gb.jpg', 40);
INSERT INTO public.image (id, file_name, product_id) VALUES (177, 'd484da36-565e-4d4c-9e0f-22048739947c__3 servernaya_operati размеры.jpg', 40);
INSERT INTO public.image (id, file_name, product_id) VALUES (178, '630f89cf-55df-4705-8723-7d639cf26e5a__1 servernaya_operati 32Gb.jpg', 41);
INSERT INTO public.image (id, file_name, product_id) VALUES (179, '320ddafb-b588-41d2-9081-3a552f76b518__2 servernaya_operati 32Gb.jpg', 41);
INSERT INTO public.image (id, file_name, product_id) VALUES (180, 'c3c4a704-9aa2-408a-adbd-ebf6dbfda3b6__3 servernaya_operati размеры.jpg', 41);


--
-- TOC entry 3040 (class 0 OID 41256)
-- Dependencies: 223
-- Data for Name: order_shapki; Type: TABLE DATA; Schema: public; Owner: postgres
--

INSERT INTO public.order_shapki (id, count, date_time, number, price_total, person_id, status_order_id, order_number) VALUES (4, 1, '2022-12-11 19:00:00', 'e0eb5d1d-0530-4b46-842e-b582dd3be6fb', 373220, 2, 3, 'e0eb5d1d-0530-4b46-842e-b582dd3be6fb');
INSERT INTO public.order_shapki (id, count, date_time, number, price_total, person_id, status_order_id, order_number) VALUES (7, 1, '2022-12-11 19:37:00', '4fa533ca-a0c0-450c-8e98-7b0f4cfb579f', 26550, 2, 5, '4fa533ca-a0c0-450c-8e98-7b0f4cfb579f');


--
-- TOC entry 3042 (class 0 OID 41262)
-- Dependencies: 225
-- Data for Name: order_stroki; Type: TABLE DATA; Schema: public; Owner: postgres
--

INSERT INTO public.order_stroki (id, count, price, order_shapki_id, product_id) VALUES (8, 1, 132500, 4, 25);
INSERT INTO public.order_stroki (id, count, price, order_shapki_id, product_id) VALUES (9, 1, 59670, 4, 27);
INSERT INTO public.order_stroki (id, count, price, order_shapki_id, product_id) VALUES (10, 1, 154500, 4, 33);
INSERT INTO public.order_stroki (id, count, price, order_shapki_id, product_id) VALUES (11, 1, 26550, 4, 37);
INSERT INTO public.order_stroki (id, count, price, order_shapki_id, product_id) VALUES (13, 1, 26550, 7, 37);


--
-- TOC entry 3028 (class 0 OID 16622)
-- Dependencies: 211
-- Data for Name: person; Type: TABLE DATA; Schema: public; Owner: postgres
--

INSERT INTO public.person (id, login, password, role) VALUES (1, 'admin', '$2a$10$guOME42u2RszbAgzXUXvd.Ki2VsvC4p58aE2iriypJn3XIDMr7STe', 'ROLE_ADMIN');
INSERT INTO public.person (id, login, password, role) VALUES (2, 'user_test', '$2a$10$x1e1oY8thCNXpfnQV57qCusxqJywyxbWHoPSzdpDb6M6u5VBzDMMy', 'ROLE_USER');


--
-- TOC entry 3030 (class 0 OID 16628)
-- Dependencies: 213
-- Data for Name: product; Type: TABLE DATA; Schema: public; Owner: postgres
--

INSERT INTO public.product (id, city, description, price, seller, title, sklad, warehouse, date_time, category_id) VALUES (18, NULL, 'Тип поставки:OEM Серия:Intel Xeon Gold Тип разъема (Socket):LGA3647 Ядро:Cascade Lake-SP Техпроцесс:14 nm Количество ядер:16 ядер Количество потоков:32 потока Номинальная частота:2.8 ГГц Частота в турбо режиме:3.9 ГГц Номинальный множитель:28 Кэш L1:16x32, 16x32 Кб Кэш L2:16x1 Мб Кэш L3:22 Мб Графическое ядро:нет Рассеиваемая мощность:150 Вт', 251700, 'Onlinetrade', 'Процессор INTEL Xeon Gold 6242 LGA3647 OEM (CD8069504194101)', NULL, 'Коломяжский', '2022-12-13 23:39:44.092647', 4);
INSERT INTO public.product (id, city, description, price, seller, title, sklad, warehouse, date_time, category_id) VALUES (24, NULL, 'Процессор Intel Xeon W-3245 разработан на технологическом узле 14 nm Cascade Lake W . Его базовая тактовая частота равна 3.20 GHz , а максимальная тактовая частота в режиме Turbo 4.00 GHz . Intel Xeon W-3245 содержит 16 процессорных ядер. Чтобы сделать правильный выбор для модернизации компьютера, ознакомьтесь с подробными техническими характеристиками и результатами тестов. Перед выбором проверьте совместимость сокета.', 72600, 'Ситилинк', 'Процессор Intel Xeon W-3245 LGA3647 OEM', NULL, 'Оптиков', '2022-12-11 00:16:49.507457', 4);
INSERT INTO public.product (id, city, description, price, seller, title, sklad, warehouse, date_time, category_id) VALUES (22, NULL, 'Процессор Intel Xeon W-3235 разработан на технологическом узле 14 nm Cascade Lake W . Его базовая тактовая частота равна 3.30 GHz , а максимальная тактовая частота в режиме Turbo 4.00 GHz . Intel Xeon W-3235 содержит 12 процессорных ядер. Чтобы сделать правильный выбор для модернизации компьютера, ознакомьтесь с подробными техническими характеристиками и результатами тестов. Перед выбором проверьте совместимость сокета.', 55800, 'Ситилинк', 'Процессор Intel Xeon W-3235 LGA3647 OEM', NULL, 'Оптиков', '2022-12-10 23:42:17.357312', 4);
INSERT INTO public.product (id, city, description, price, seller, title, sklad, warehouse, date_time, category_id) VALUES (26, NULL, 'Intel Xeon W-3345 - это серверный / рабочий процессор с 24 ядрами, выпущенный в июле 2021 года. Он является частью линейки Xeon W, использующей архитектуру Ice Lake-W с разъемом 4189. Благодаря технологии Intel Hyper-Threading количество ядер фактически удваивается - до 48 потоков. Для дальнейшего повышения общей производительности системы до двух процессоров Xeon W-3345 могут быть объединены в многопроцессорную конфигурацию (SMP). Xeon W-3345 имеет 36 МБ кэш-памяти формата L3 и по умолчанию работает на частоте 3 ГГц, но может быть увеличен до 4 ГГц в зависимости от рабочей нагрузки. Intel строит Xeon W-3345 по производственному процессу 10 нм, количество транзисторов неизвестно. Множитель заблокирован на Xeon W-3345, что ограничивает его возможности по разгону.
При TDP 250 Вт Xeon W-3345 чрезвычайно потребляет много энергии, а это значит, что вам необходимо первоклассное охлаждение. Процессор Intel поддерживает память DDR4 с восьмиканальным интерфейсом. Самая высокая официально поддерживаемая скорость памяти составляет 3200 МГц, но с разгоном (и правильными модулями памяти) вы можете подняться еще выше. Поддерживается также память ECC, что является важной возможностью для критически важных систем, позволяющей избежать повреждения данных. Для связи с другими компонентами устройства Xeon W-3345 использует соединение PCI-Express Gen 4. В этом процессоре отсутствует встроенная графика, вам может понадобиться видеокарта.
Аппаратная виртуализация доступна на Xeon W-3345, что значительно повышает производительность виртуальной машины. Кроме того, поддерживается виртуализация IOMMU (сквозная передача PCI), так что гостевые виртуальные машины могут напрямую использовать аппаратное обеспечение хоста. На этом процессоре будут выполняться программы, использующие расширенные векторные расширения (AVX), что повышает производительность приложений с большим объемом вычислений. Помимо AVX, Intel добавила поддержку новых инструкций AVX2 и AVX-512.', 265000, 'Onlinetrade', 'Процессор Intel Xeon W-3345 LGA4189', NULL, 'Коломяжский', '2022-12-11 00:19:47.706245', 4);
INSERT INTO public.product (id, city, description, price, seller, title, sklad, warehouse, date_time, category_id) VALUES (25, NULL, 'Intel Xeon W-3335 - это процессор для серверов / рабочих станций с 16 ядрами, выпущенный в июле 2021 года. Он входит в линейку процессоров Xeon W, использующих архитектуру Ice Lake-W с сокетом 4189. Благодаря технологии Intel Hyper-Threading количество ядер фактически удваивается до 32 потоков. Для дальнейшего повышения общей производительности системы до двух процессоров Xeon W-3335 могут работать вместе в конфигурации с несколькими процессорами (SMP). Xeon W-3335 имеет 24 МБ кэш-памяти формата L3 и по умолчанию работает на частоте 3,4 ГГц, но может увеличиваться до 4 ГГц в зависимости от рабочей нагрузки. Intel производит Xeon W-3335 на 10-нм производственном узле, количество транзисторов неизвестно. Множитель заблокирован на Xeon W-3335, что ограничивает его разгонный потенциал.
При TDP 250 Вт Xeon W-3335 чрезвычайно потребляет много энергии, что означает, что вам требуется первоклассное охлаждение. Процессор Intel поддерживает память DDR4 с восьмиканальным интерфейсом. Самая высокая официально поддерживаемая скорость памяти составляет 3200 МГц, но с разгоном (и правильными модулями памяти) вы можете подняться еще выше. Также поддерживается память ECC, что является важной возможностью для критически важных систем, позволяющей избежать повреждения данных. Для связи с другими компонентами компьютера Xeon W-3335 использует соединение PCI-Express Gen 4. В этом процессоре отсутствует встроенная графика, вам может понадобиться видеокарта.
На Xeon W-3335 доступна аппаратная виртуализация, которая значительно повышает производительность виртуальной машины. Кроме того, поддерживается виртуализация IOMMU (сквозная передача PCI), так что гостевые виртуальные машины могут напрямую использовать аппаратное обеспечение хоста. На этом процессоре могут выполняться программы, использующие расширенные векторные расширения (AVX), что повышает производительность приложений с большим объемом вычислений. Помимо AVX, Intel добавила поддержку новых инструкций AVX2 и AVX-512.', 132500, 'Onlinetrade', 'Процессор Intel Xeon W-3335 LGA4189', NULL, 'Коломяжский', '2022-12-11 00:16:24.074192', 4);
INSERT INTO public.product (id, city, description, price, seller, title, sklad, warehouse, date_time, category_id) VALUES (27, NULL, '1. Масштабируемые процессоры Intel® Xeon® 3-го поколения, процессор Intel® Xeon® W-3300
Поддерживается одиночный разъем LGA-4189 (Socket P+), TDP процессора поддерживает TDP до 270 Вт
2. Intel® C 621 A
3. Единая локальная сеть с контроллером Intel® Ethernet I210-AT
Единая локальная сеть с Marvell AQC113
Единая локальная сеть с Realtek RTL8211F PHY (выделенный IPMI)
4. До 4 ТБ 3DS ECC RDIMM, DDR4-3200 МГц; до 4 ТБ 3DS ECC LRDIMM, DDR4-3200 МГц
До 4 ТБ постоянной памяти Intel® Optane™, DDR4-3200 МГц, в 16 слотах DIMM
5. 4 PCI-E 4.0 x16,
3 PCI-E 4.0 x8 (в слоте x16)
Интерфейс M.2: 4 PCI-E 4.0 x4
Форм-фактор M.2: 2260/2280/22110
Ключ M.2: M-Key
Для RAID требуется поддержка M.2 для RAID 0,1, 5, 10, V ROCkey.
6. Контроллер Intel® C 621 A для 8 портов SATA3 (6 Гбит/с); RAID 0,1,5,10
7. 1 порт
VGA, разъем VGA предназначен для IPMI.', 59670, 'Onlinetrade', 'Supermicro X12SPA-TF C621A LGA4189', NULL, 'Коломяжский', '2022-12-11 03:12:06.413414', 6);
INSERT INTO public.product (id, city, description, price, seller, title, sklad, warehouse, date_time, category_id) VALUES (28, NULL, 'Масштабируемые процессоры Intel® Xeon® 2-го поколения и масштабируемые процессоры Intel® Xeon®, процессор Intel® Xeon® W-32xx
Поддерживается одиночный разъем LGA-3647 (Socket P), TDP процессора поддерживает TDP до 205 Вт
До 3 ТБ 3DS ECC RDIMM, DDR4-2933 МГц; до 2 ТБ 3DS ECC LRDIMM, DDR4-2933 МГц
До 3 ТБ постоянной памяти Intel® Optane™, DDR4-2666 МГц, в 12 слотах DIMM;
Xeon-W 32xx поддерживает до 2 ТБ 3DS ECC RDIMM/LRDIMM, Xeon-W 32xx поддерживает до 1 ТБ 3DS RDIMM/LRDIMM. _x000D_ ;
Процессоры серии Xeon-W32xx не поддерживают DCPMM.
Intel® C621
4 PCI-E 3.0 x16,
3 PCI-E 3.0 x8 (в слоте x16),
Слот PCI-Ex16#1 совместно используется с M.2, слот #2 совместно используется со слотом #3 (NA/16,8/8), слот #4 совместно используется со слотом #5 (NA/16,8/8), слот #6 совместно используется со слотом #7 (NA/16,8/8)
(16/NA/16/NA/16/NA/16 или 16/8/8/8/8/8/8)
Интерфейс M.2: 4 PCI-E 3.0 x4, RAID 0 и 1
Форм-фактор M.2: 2242/2260/2280/22110
Ключ M.2: M-Key
M.2 поддерживает RAID 0,1 (до RAID 5, 10), для Raid требуется ключ VROC.
Контроллер Intel® C621 для 8 портов SATA3 (6 Гбит/с); RAID 0,1,5,10
Единая локальная сеть с контроллером Intel® Ethernet I210-AT
Единая локальная сеть с контроллером Aquantia® AQC107 10G Ethernet
Единая локальная сеть с Realtek RTL8211E PHY (выделенный IPMI)', 53192, 'Ситилинк', 'Supermicro X11SPA-T C621A LGA3647', NULL, 'Оптиков', '2022-12-11 03:15:58.347935', 6);
INSERT INTO public.product (id, city, description, price, seller, title, sklad, warehouse, date_time, category_id) VALUES (29, NULL, 'В два раза больше операций с плавающей точкой одинарной точности (FP32) и повышенная энергоэффективность позволяют значительно ускорить работу с графикой и видео и моделирование, например работу со сложными 3D-моделями в программах для автоматизированного проектирования (САПР) на ПК.
Второе поколение ядер RT
Будучи до двух раз быстрее предыдущего поколения, второе поколение ядер RT одновременно обеспечивает трассировку лучей и шейдинг или шумоподавление и позволяет значительно ускорить такие задачи, как фотореалистичный рендеринг киноматериалов, оценку архитектурных проектов и виртуальное прототипирование продуктов. Эта технология также ускоряет рендеринг сцен движения, позволяя быстрее создавать более точное изображение.
Третье поколение тензорных ядер
Поддержка операций Tensor Float 32 (TF32) позволяет ускорить обучение моделей для ИИ и обработки данных до 5 раз по сравнению с предыдущим поколением и не требует изменений в коде. Аппаратная поддержка структурной разреженности удваивает скорость инференса. Тензорные ядра также обеспечивают такие технологии на основе алгоритмов ИИ, как DLSS, шумоподавление и функции редактирования фото и видео в некоторых приложениях.
NVIDIA NVLink® третьего поколения
Улучшенное соединение между GPU создает единую масштабируемую память для ускорения графических и вычислительных задач и работы с большими наборами данных.
48 ГБ видеопамяти
Благодаря ультраскоростной памяти GDDR6, масштабируемой до 96 ГБ с NVLink, ученые, инженеры и специалисты по data science получают большой объем памяти, необходимый для работы с крупными наборами данных и таких задач, как обработка данных и моделирование.
Поддержка виртуализации
Поддержка ПО NVIDIA Virtual GPU (GPU) позволяет перепрофилировать персональную рабочую станцию в несколько инстансов высокопроизводительных виртуальных рабочих станций, чтобы удаленные пользователи могли обмениваться материалами для современных задач проектирования, ИИ и вычислений.
PCI Express Gen 4
Поддержка PCI Express Gen 4 позволяет удвоить пропускную способность PCIe Gen 3, ускоряя передачу данных из памяти процессора для ресурсоемких задач, таких как ИИ и обработка данных.
Энергоэффективность
Благодаря двухслотовой конструкции RTX A6000 до двух раз энергоэффективнее видеокарт с архитектурой Turing и подходит для множества рабочих станций от производителей во всем мире.', 525600, 'Onlinetrade', 'Профессиональная видеокарта PNY NVIDIA RTX A6000 49152Mb (900-5G133-2200-000)', NULL, 'Коломяжский', '2022-12-11 04:28:54.034324', 5);
INSERT INTO public.product (id, city, description, price, seller, title, sklad, warehouse, date_time, category_id) VALUES (32, NULL, 'Элегантный дизайн. Высокая производительность.
NVIDIA RTX™ A4000 — это мощный профессиональный GPU шириной в один слот, который обеспечивает трассировку лучей в реальном времени, ускоренный ИИ и продвинутую графику. Разрабатывайте продукты нового поколения, проектируйте города будущего и создавайте потрясающие проекты с гибким решением для работы без ограничений.
Характеристики
•	Назначение:профессиональная 
•	Производитель видеопроцессора:NVIDIA 
•	Серия процессора:NVIDIA RTX 
•	Графический процессор:NVIDIA RTX A4000 
•	Частота графического процессора (базовая):735 МГц 
•	Частота графического процессора (максимальная):1560 МГц 
•	Тип видеопамяти:GDDR6 
•	Объем видеопамяти:16 Гб 
•	Шина памяти:256 бит 
•	Частота видеопамяти:14000 МГц 
•	Интерфейс подключения:PCI-E 16x 4.0 
•	Кол-во поддерживаемых мониторов:4 шт. 
•	Максимальное разрешение:7680x4320 пикс. 
•	Охлаждение:воздушное 
•	Вентиляторы:турбина 
•	Подсветка:нет 
•	Разъемы:DisplayPort x4 
•	Кол-во занимаемых слотов:1 шт. 
•	Длина:241 мм 
•	Низкопрофильная (Low Profile):нет 
•	Необходимость дополнительного питания:6 pin 
•	Рекомендуемая мощность блока питания:300 Вт', 94320, 'Onlinetrade', 'Профессиональная видеокарта PNY NVIDIA RTX A4000 16384Mb (900-5G190-2500-000)', NULL, 'Коломяжский', '2022-12-11 04:40:06.123756', 5);
INSERT INTO public.product (id, city, description, price, seller, title, sklad, warehouse, date_time, category_id) VALUES (33, NULL, '•	Назначение:профессиональная 
•	Производитель видеопроцессора:AMD 
•	Серия процессора:AMD Radeon Pro 
•	Графический процессор:AMD Radeon Pro W6800 
•	Частота графического процессора (базовая):2075 МГц 
•	Частота графического процессора (максимальная):2320 МГц 
•	Тип видеопамяти:GDDR4 
•	Объем видеопамяти:32 Гб 
•	Шина памяти:256 бит 
•	Частота видеопамяти:16000 МГц 
•	Интерфейс подключения:PCI-E 16x 4.0 
•	Максимальное разрешение:7680x4320 пикс. 
•	Охлаждение:воздушное 
•	Вентиляторы:турбина 
•	Подсветка:нет 
•	Разъемы:Mini DisplayPort x6 
•	Кол-во занимаемых слотов:2 шт. 
•	Длина:267 мм 
•	Низкопрофильная (Low Profile):нет 
•	Необходимость дополнительного питания:8 pin + 6 pin 
•	Рекомендуемая мощность блока питания:600 Вт ', 154500, 'Ситилинк', 'Профессиональная видеокарта AMD Radeon Pro W6800 32G', NULL, 'Оптиков', '2022-12-11 04:46:09.816387', 5);
INSERT INTO public.product (id, city, description, price, seller, title, sklad, warehouse, date_time, category_id) VALUES (34, NULL, 'Модель Radeon Pro W6600 построена на базе графического процессора Navi 23 с 28 вычислительными блоками (1792 потоковых процессора). GPU новинки работает на рекордной для архитектуры RDNA2 частоте до 2900 МГц. Графический ускоритель оснащён 8 Гбайт видеопамяти стандарта GDDR6 с поддержкой шины 128 бит и максимальной пропускной способностью на уровне 224 Гбайт/с', 57400, 'Ситилинк', 'Профессиональная видеокарта AMD Radeon Pro W6600 8G', NULL, 'Оптиков', '2022-12-11 04:47:33.957247', 5);
INSERT INTO public.product (id, city, description, price, seller, title, sklad, warehouse, date_time, category_id) VALUES (31, NULL, 'Видеокарта PNY RTX A5000 24576Mb (VCNRTXA5000-SB)
•	Количество растровых процессоров: 64
•	Количество тензорных процессоров: 256
•	Версия вершинных шейдеров: 5.1
•	Версия геометрических шейдеров: 5.1
•	Версия пиксельных шейдеров: 5.1
Характеристики
•	Назначение:профессиональная 
•	Производитель видеопроцессора:NVIDIA 
•	Серия процессора:NVIDIA RTX 
•	Графический процессор:NVIDIA RTX A5000 
•	Частота графического процессора (базовая):н.д. МГц 
•	Тип видеопамяти:GDDR6 
•	Объем видеопамяти:24 Гб 
•	Шина памяти:384 бит 
•	Частота видеопамяти:н.д. МГц 
•	Интерфейс подключения:PCI-E 16x 4.0 
•	Максимальное разрешение:7680x4320 пикс. 
•	Охлаждение:воздушное 
•	Вентиляторы:турбина 
•	Подсветка:нет 
•	Разъемы:DisplayPort x4 
•	Кол-во занимаемых слотов:2 шт. 
•	Длина:267 мм 
•	Низкопрофильная (Low Profile):нет 
•	Необходимость дополнительного питания:8 pin 
•	Рекомендуемая мощность блока питания:500 Вт', 217990, 'Onlinetrade', 'Профессиональная видеокарта PNY NVIDIA RTX A5000 24576Mb (VCNRTXA5000-SB)', NULL, 'Коломяжский', '2022-12-11 04:37:59.309144', 5);
INSERT INTO public.product (id, city, description, price, seller, title, sklad, warehouse, date_time, category_id) VALUES (37, NULL, 'KSM32RD4/64HCR 64GB 2Rx4 8G x 72-Bit PC4-3200 CL22 Registered w/Parity 288-Pin DIMM
Kingston KSM32RD4/64HCR - это 8G x 72-разрядный (64 ГБ)
DDR4-3200 CL22 SDRAM (синхронный DRAM), зарегистрированный w/
четность, 2Rx4, ECC, модуль памяти, основанный на thiry-six 4G x
4-разрядные компоненты FBGA. SPD запрограммирован на JEDEC
стандартная задержка DDR4-3200 с синхронизацией 22-22-22 при напряжении 1,2 В каждый
288-контактный DIMM использует золотые контактные пальцы.', 26550, 'Onlinetrade', 'Оперативная память Kingston KSM32RD4/64HCR DDR4 3200MT/S ECC Registered DIMM', NULL, 'Коломяжский', '2022-12-11 05:33:54.934834', 7);
INSERT INTO public.product (id, city, description, price, seller, title, sklad, warehouse, date_time, category_id) VALUES (38, NULL, 'KSM32RD4/32HDR 32GB 2Rx4 4G x 72-Bit PC4-3200 CL22 Registered w/Parity 288-Pin DIMM
Kingston KSM32RD4/32HDR - это 4G x 72-разрядный (32 ГБ)
DDR4-3200 CL22 SDRAM (синхронный DRAM), зарегистрированный w/
четность, 2Rx4, ECC, модуль памяти, основанный на тридцати шести 2G x
4-разрядные компоненты FBGA. SPD запрограммирован на JEDEC
стандартная задержка DDR4-3200 с синхронизацией 22-22-22 при напряжении 1,2 В каждый
288-контактный DIMM использует золотые контактные пальцы.', 13599, 'Onlinetrade', 'Оперативная память Kingston KSM32RD4/32HCR DDR4 3200MT/S ECC Registered DIMM', NULL, 'Коломяжский', '2022-12-11 05:35:00.02543', 7);
INSERT INTO public.product (id, city, description, price, seller, title, sklad, warehouse, date_time, category_id) VALUES (39, NULL, 'KSM32RS8/16HCR 16GB 1Rx8 2G x 72-Bit PC4-3200 CL22 Registered w/Parity 288-Pin DIMM
Kingston KSM32RS8/16HCR - это 2G x 72-разрядный (16 ГБ)
DDR4-3200 CL22 SDRAM (синхронный DRAM), зарегистрированный w/
четность, 1Rx8, ECC, модуль памяти, основанный на девяти 2G x 8-битных
Компоненты FBGA. SPD запрограммирован на JEDEC
стандартная задержка DDR4-3200 с синхронизацией 22-22-22 при напряжении 1,2 В каждый
288-контактный DIMM использует золотые контактные пальцы.', 7500, 'Onlinetrade', 'Оперативная память Kingston KSM32RD4/16HCR DDR4 3200MT/S ECC Registered DIMM', NULL, 'Коломяжский', '2022-12-11 05:36:09.147856', 7);
INSERT INTO public.product (id, city, description, price, seller, title, sklad, warehouse, date_time, category_id) VALUES (40, NULL, 'KSM26RD4/64HCR 64GB 2Rx4 8G x 72-Bit PC4-2666 CL19 Registered w/Parity 288-Pin DIMM
Kingston KSM26RD4/64HCM - это 8G x 72-разрядный (64 ГБ)
DDR4-2666 CL19 SDRAM (синхронный DRAM) зарегистрирован w/
четность, 2Rx4, ECC, модуль памяти, основанный на тридцати шести 4G x
4-разрядные компоненты FBGA. SPD запрограммирован на JEDEC
стандартная задержка DDR4-2666 с синхронизацией 19-19-19 при напряжении 1,2 В каждая
288-контактный DIMM использует золотые контактные пальцы', 21999, 'Ситилинк', 'Оперативная память Kingston KSM26RD4/64HCR DDR4 3200MT/S ECC Registered DIMM', NULL, 'Оптиков', '2022-12-11 05:37:24.316008', 7);
INSERT INTO public.product (id, city, description, price, seller, title, sklad, warehouse, date_time, category_id) VALUES (41, NULL, 'KSM26RS4/32HCR 32GB 1Rx4 4G x 72-Bit PC4-2666 CL19 Registered w/Parity 288-Pin DIMM
Kingston KSM26RS4/32HCR - это 4G x 72-разрядный (32 ГБ)
DDR4-2666 CL19 SDRAM (синхронный DRAM) зарегистрирован w/
четность, 1Rx4, ECC, модуль памяти, основанный на восемнадцати 4G x
4-разрядные компоненты FBGA. SPD запрограммирован на JEDEC
стандартная задержка DDR4-2666 с синхронизацией 19-19-19 при напряжении 1,2 В каждая
288-контактный DIMM использует золотые контактные пальцы.', 10500, 'Ситилинк', 'Оперативная память Kingston KSM26RD4/32HCR DDR4 3200MT/S ECC Registered DIMM', NULL, 'Оптиков', '2022-12-11 05:38:39.593936', 7);


--
-- TOC entry 3036 (class 0 OID 33044)
-- Dependencies: 219
-- Data for Name: product_cart; Type: TABLE DATA; Schema: public; Owner: postgres
--



--
-- TOC entry 3044 (class 0 OID 41290)
-- Dependencies: 227
-- Data for Name: roles_person; Type: TABLE DATA; Schema: public; Owner: postgres
--

INSERT INTO public.roles_person (id, name) VALUES (1, 'ROLE_ADMIN');
INSERT INTO public.roles_person (id, name) VALUES (2, 'ROLE_USER');


--
-- TOC entry 3038 (class 0 OID 41239)
-- Dependencies: 221
-- Data for Name: statuses; Type: TABLE DATA; Schema: public; Owner: postgres
--

INSERT INTO public.statuses (id, name) VALUES (1, 'Принят');
INSERT INTO public.statuses (id, name) VALUES (2, 'Оформлен');
INSERT INTO public.statuses (id, name) VALUES (3, 'Оплачен');
INSERT INTO public.statuses (id, name) VALUES (4, 'Подготовлен');
INSERT INTO public.statuses (id, name) VALUES (5, 'Едет');
INSERT INTO public.statuses (id, name) VALUES (6, 'Ожидает');
INSERT INTO public.statuses (id, name) VALUES (7, 'Получен');


--
-- TOC entry 3051 (class 0 OID 0)
-- Dependencies: 216
-- Name: category_id_seq; Type: SEQUENCE SET; Schema: public; Owner: postgres
--

SELECT pg_catalog.setval('public.category_id_seq', 7, true);


--
-- TOC entry 3052 (class 0 OID 0)
-- Dependencies: 214
-- Name: image_id_seq; Type: SEQUENCE SET; Schema: public; Owner: postgres
--

SELECT pg_catalog.setval('public.image_id_seq', 205, true);


--
-- TOC entry 3053 (class 0 OID 0)
-- Dependencies: 222
-- Name: order_shapki_id_seq; Type: SEQUENCE SET; Schema: public; Owner: postgres
--

SELECT pg_catalog.setval('public.order_shapki_id_seq', 11, true);


--
-- TOC entry 3054 (class 0 OID 0)
-- Dependencies: 224
-- Name: order_stroki_id_seq; Type: SEQUENCE SET; Schema: public; Owner: postgres
--

SELECT pg_catalog.setval('public.order_stroki_id_seq', 25, true);


--
-- TOC entry 3055 (class 0 OID 0)
-- Dependencies: 210
-- Name: person_id_seq; Type: SEQUENCE SET; Schema: public; Owner: postgres
--

SELECT pg_catalog.setval('public.person_id_seq', 6, true);


--
-- TOC entry 3056 (class 0 OID 0)
-- Dependencies: 218
-- Name: product_cart_id_seq; Type: SEQUENCE SET; Schema: public; Owner: postgres
--

SELECT pg_catalog.setval('public.product_cart_id_seq', 65, true);


--
-- TOC entry 3057 (class 0 OID 0)
-- Dependencies: 212
-- Name: product_id_seq; Type: SEQUENCE SET; Schema: public; Owner: postgres
--

SELECT pg_catalog.setval('public.product_id_seq', 46, true);


--
-- TOC entry 3058 (class 0 OID 0)
-- Dependencies: 226
-- Name: roles_id_seq; Type: SEQUENCE SET; Schema: public; Owner: postgres
--

SELECT pg_catalog.setval('public.roles_id_seq', 2, true);


--
-- TOC entry 3059 (class 0 OID 0)
-- Dependencies: 220
-- Name: statuses_id_seq; Type: SEQUENCE SET; Schema: public; Owner: postgres
--

SELECT pg_catalog.setval('public.statuses_id_seq', 7, true);


--
-- TOC entry 2869 (class 2606 OID 33036)
-- Name: category category_pkey; Type: CONSTRAINT; Schema: public; Owner: postgres
--

ALTER TABLE ONLY public.category
    ADD CONSTRAINT category_pkey PRIMARY KEY (id);


--
-- TOC entry 2867 (class 2606 OID 16640)
-- Name: image image_pkey; Type: CONSTRAINT; Schema: public; Owner: postgres
--

ALTER TABLE ONLY public.image
    ADD CONSTRAINT image_pkey PRIMARY KEY (id);


--
-- TOC entry 2875 (class 2606 OID 41260)
-- Name: order_shapki order_shapki_pkey; Type: CONSTRAINT; Schema: public; Owner: postgres
--

ALTER TABLE ONLY public.order_shapki
    ADD CONSTRAINT order_shapki_pkey PRIMARY KEY (id);


--
-- TOC entry 2877 (class 2606 OID 41266)
-- Name: order_stroki order_stroki_pkey; Type: CONSTRAINT; Schema: public; Owner: postgres
--

ALTER TABLE ONLY public.order_stroki
    ADD CONSTRAINT order_stroki_pkey PRIMARY KEY (id);


--
-- TOC entry 2863 (class 2606 OID 16626)
-- Name: person person_pkey; Type: CONSTRAINT; Schema: public; Owner: postgres
--

ALTER TABLE ONLY public.person
    ADD CONSTRAINT person_pkey PRIMARY KEY (id);


--
-- TOC entry 2871 (class 2606 OID 33048)
-- Name: product_cart product_cart_pkey; Type: CONSTRAINT; Schema: public; Owner: postgres
--

ALTER TABLE ONLY public.product_cart
    ADD CONSTRAINT product_cart_pkey PRIMARY KEY (id);


--
-- TOC entry 2865 (class 2606 OID 16634)
-- Name: product product_pkey; Type: CONSTRAINT; Schema: public; Owner: postgres
--

ALTER TABLE ONLY public.product
    ADD CONSTRAINT product_pkey PRIMARY KEY (id);


--
-- TOC entry 2879 (class 2606 OID 41294)
-- Name: roles_person roles_pkey; Type: CONSTRAINT; Schema: public; Owner: postgres
--

ALTER TABLE ONLY public.roles_person
    ADD CONSTRAINT roles_pkey PRIMARY KEY (id);


--
-- TOC entry 2873 (class 2606 OID 41243)
-- Name: statuses statuses_pkey; Type: CONSTRAINT; Schema: public; Owner: postgres
--

ALTER TABLE ONLY public.statuses
    ADD CONSTRAINT statuses_pkey PRIMARY KEY (id);


--
-- TOC entry 2880 (class 2606 OID 33037)
-- Name: product fk1mtsbur82frn64de7balymq9s; Type: FK CONSTRAINT; Schema: public; Owner: postgres
--

ALTER TABLE ONLY public.product
    ADD CONSTRAINT fk1mtsbur82frn64de7balymq9s FOREIGN KEY (category_id) REFERENCES public.category(id);


--
-- TOC entry 2886 (class 2606 OID 41277)
-- Name: order_stroki fk8uan1gh6915fevslr88yvuy0x; Type: FK CONSTRAINT; Schema: public; Owner: postgres
--

ALTER TABLE ONLY public.order_stroki
    ADD CONSTRAINT fk8uan1gh6915fevslr88yvuy0x FOREIGN KEY (order_shapki_id) REFERENCES public.order_shapki(id);


--
-- TOC entry 2887 (class 2606 OID 41282)
-- Name: order_stroki fkbubthwuje4i1px3ye7hnyjk53; Type: FK CONSTRAINT; Schema: public; Owner: postgres
--

ALTER TABLE ONLY public.order_stroki
    ADD CONSTRAINT fkbubthwuje4i1px3ye7hnyjk53 FOREIGN KEY (product_id) REFERENCES public.product(id);


--
-- TOC entry 2884 (class 2606 OID 41267)
-- Name: order_shapki fkebyckhoyf89iw8kvoxt7pwp0d; Type: FK CONSTRAINT; Schema: public; Owner: postgres
--

ALTER TABLE ONLY public.order_shapki
    ADD CONSTRAINT fkebyckhoyf89iw8kvoxt7pwp0d FOREIGN KEY (person_id) REFERENCES public.person(id);


--
-- TOC entry 2881 (class 2606 OID 16641)
-- Name: image fkgpextbyee3uk9u6o2381m7ft1; Type: FK CONSTRAINT; Schema: public; Owner: postgres
--

ALTER TABLE ONLY public.image
    ADD CONSTRAINT fkgpextbyee3uk9u6o2381m7ft1 FOREIGN KEY (product_id) REFERENCES public.product(id);


--
-- TOC entry 2883 (class 2606 OID 33054)
-- Name: product_cart fkhpnrxdy3jhujameyod08ilvvw; Type: FK CONSTRAINT; Schema: public; Owner: postgres
--

ALTER TABLE ONLY public.product_cart
    ADD CONSTRAINT fkhpnrxdy3jhujameyod08ilvvw FOREIGN KEY (product_id) REFERENCES public.product(id);


--
-- TOC entry 2885 (class 2606 OID 41272)
-- Name: order_shapki fkldw6513f5yb51el80ebku23hl; Type: FK CONSTRAINT; Schema: public; Owner: postgres
--

ALTER TABLE ONLY public.order_shapki
    ADD CONSTRAINT fkldw6513f5yb51el80ebku23hl FOREIGN KEY (status_order_id) REFERENCES public.statuses(id);


--
-- TOC entry 2882 (class 2606 OID 33049)
-- Name: product_cart fksgnkc1ko2i1o9yr2p63ysq3rn; Type: FK CONSTRAINT; Schema: public; Owner: postgres
--

ALTER TABLE ONLY public.product_cart
    ADD CONSTRAINT fksgnkc1ko2i1o9yr2p63ysq3rn FOREIGN KEY (person_id) REFERENCES public.person(id);


-- Completed on 2022-12-14 12:16:37

--
-- PostgreSQL database dump complete
--

